policy_type_encoded,coverage_amount,premium_cost,policy_duration_days,num_claims,avg_claim_amount,claim_approval_rate,time_since_last_claim_days,industry_encoded,company_size_encoded,revenue
-0.7679755714461775,-1.3296290644852593,1.323779316511952,-1.2158493105661476,-0.5367666403367652,-0.521382833770466,-0.3513541021324301,0.6060228775269187,-1.5672332787757997,1.1677985017081944,-0.5990641762208186
1.5086857379889407,0.9933865920205944,-0.5063203451716878,1.260331602416129,-0.5367666403367652,-0.521382833770466,-0.3513541021324301,0.6060228775269187,0.613833034187188,-0.007034930733181819,-1.315467395724258
-1.5268626745912168,1.4834933824241792,1.6060674730744502,-1.2158493105661476,-0.5367666403367652,-0.521382833770466,-0.3513541021324301,0.6060228775269187,1.340855138508184,-1.1818683631745581,-0.09243888725421855
-0.7679755714461775,-0.7560451842643254,-1.6396675028255496,0.022241145924990696,-0.5367666403367652,-0.521382833770466,-0.3513541021324301,0.6060228775269187,-0.8402111744548038,-1.1818683631745581,-1.163310110428777
-1.5268626745912168,1.4066887964200414,0.21324251899250146,1.260331602416129,-0.5367666403367652,-0.521382833770466,-0.3513541021324301,0.6060228775269187,-0.11318907013380783,-1.1818683631745581,1.6688968752472897
-0.7679755714461775,1.1369751047373153,1.359842942332105,0.022241145924990696,1.5478851953897421,2.045254760258858,-0.3513541021324301,-1.5333647400565116,-0.8402111744548038,1.1677985017081944,0.10918845857111988
-0.0090884683011381,-1.4957232810731897,0.07124101896594807,-1.2158493105661476,-0.5367666403367652,-0.521382833770466,-0.3513541021324301,0.6060228775269187,1.340855138508184,-1.1818683631745581,-0.6861113023527391
-0.0090884683011381,0.5682792863927767,-0.41675048769350725,-1.2158493105661476,-0.5367666403367652,-0.521382833770466,-0.3513541021324301,0.6060228775269187,-0.11318907013380783,-0.007034930733181819,0.9048212649316695
0.7497986348439013,-1.496378619975612,-0.7814757218469122,-1.2158493105661476,2.5902111132529955,2.4375063735869396,-0.3513541021324301,-1.7197537783351913,-1.5672332787757997,-0.007034930733181819,-1.186322021900609
-0.0090884683011381,1.4440306732583506,-0.4567854210928193,0.022241145924990696,-0.5367666403367652,-0.521382833770466,-0.3513541021324301,0.6060228775269187,0.613833034187188,-0.007034930733181819,0.1377839656499145
-0.7679755714461775,-1.5140596444539858,-1.5842854988730524,-1.2158493105661476,-0.5367666403367652,-0.521382833770466,-0.3513541021324301,0.6060228775269187,-0.11318907013380783,-0.007034930733181819,2.4575985667305256
-0.7679755714461775,-0.8953170460838902,0.7355135912916683,1.260331602416129,-0.5367666403367652,-0.521382833770466,-0.3513541021324301,0.6060228775269187,-1.5672332787757997,-0.007034930733181819,-0.5541508414316497
1.5086857379889407,-0.4885192656150639,1.5573804534460338,0.022241145924990696,2.5902111132529955,3.1744568347372493,0.9821944218702024,-1.8573705788747539,0.613833034187188,-1.1818683631745581,-0.34973961343715954
-0.7679755714461775,-1.3372033009224575,-1.660230050957639,0.022241145924990696,-0.5367666403367652,-0.521382833770466,-0.3513541021324301,0.6060228775269187,-0.8402111744548038,-1.1818683631745581,0.4061640096111263
-0.7679755714461775,0.967130080272365,-0.7706502315570567,0.022241145924990696,-0.5367666403367652,-0.521382833770466,-0.3513541021324301,0.6060228775269187,0.613833034187188,-1.1818683631745581,-0.895341788888392
1.5086857379889407,0.20009163864911206,-0.05980693989455892,-1.2158493105661476,-0.5367666403367652,-0.521382833770466,-0.3513541021324301,0.6060228775269187,-0.11318907013380783,-1.1818683631745581,-0.5814989493688877
-1.5268626745912168,0.9036618237856101,-0.025662346800021326,0.022241145924990696,-0.5367666403367652,-0.521382833770466,-0.3513541021324301,0.6060228775269187,-0.11318907013380783,-1.1818683631745581,-0.5814989493688877
1.5086857379889407,-0.7270538820946318,-1.177704932377732,1.260331602416129,-0.5367666403367652,-0.521382833770466,-0.3513541021324301,0.6060228775269187,-0.8402111744548038,1.1677985017081944,0.6568422301682929
-1.5268626745912168,-0.46143488730384113,0.8981433953056521,1.260331602416129,-0.5367666403367652,-0.521382833770466,-0.3513541021324301,0.6060228775269187,-0.11318907013380783,-1.1818683631745581,2.0689316162060503
0.7497986348439013,0.44243369145602807,-0.9649622449247751,0.022241145924990696,-0.5367666403367652,-0.521382833770466,-0.3513541021324301,0.6060228775269187,-0.8402111744548038,-0.007034930733181819,-0.8866439608934378
-1.5268626745912168,-1.2523434529397641,0.040494965342202593,0.022241145924990696,1.5478851953897421,1.8640568768596235,3.649291469875468,-1.7136902028324903,0.613833034187188,-0.007034930733181819,-1.315467395724258
-0.7679755714461775,-1.5769924280075909,0.25487289709246025,0.022241145924990696,1.5478851953897421,1.270538951527192,-0.3513541021324301,-1.687590464799125,-0.8402111744548038,-1.1818683631745581,-0.6284033716142735
0.7497986348439013,0.17799817460911568,-1.3938132813738102,1.260331602416129,1.5478851953897421,0.2786899346117363,3.649291469875468,-1.8444525267168257,-0.8402111744548038,-1.1818683631745581,0.36436232690813847
-1.5268626745912168,1.4040824380587766,0.7270881897217666,0.022241145924990696,-0.5367666403367652,-0.521382833770466,-0.3513541021324301,0.6060228775269187,-0.11318907013380783,-1.1818683631745581,0.496915970469424
0.7497986348439013,-1.6259328512648163,-0.1403094110046382,1.260331602416129,-0.5367666403367652,-0.521382833770466,-0.3513541021324301,0.6060228775269187,-0.11318907013380783,1.1677985017081944,0.06743421581256695
-0.7679755714461775,0.3829226922269351,0.08615548520767835,1.260331602416129,0.5055592775264883,0.04718311773139628,-0.3513541021324301,-1.58398241381819,1.340855138508184,-1.1818683631745581,-0.8805071908111414
-0.7679755714461775,-0.926643682087218,-0.28052165959901243,-1.2158493105661476,0.5055592775264883,1.2854596646197418,3.649291469875468,-1.6933904065843173,-0.8402111744548038,1.1677985017081944,-0.9764105384597344
-0.7679755714461775,0.5250998953383214,-1.6657448907200705,1.260331602416129,-0.5367666403367652,-0.521382833770466,-0.3513541021324301,0.6060228775269187,1.340855138508184,-1.1818683631745581,-0.5712691863498487
0.7497986348439013,0.5075715713146729,0.8482260490154573,-1.2158493105661476,-0.5367666403367652,-0.521382833770466,-0.3513541021324301,0.6060228775269187,-1.5672332787757997,-0.007034930733181819,-0.5541508414316497
0.7497986348439013,-0.8297600866998919,0.5052763854834625,-1.2158493105661476,0.5055592775264883,1.0398644317599153,-0.3513541021324301,-1.5528736351521584,-1.5672332787757997,1.1677985017081944,-0.29406842967140157
1.5086857379889407,-0.513241610246163,0.8354936389207073,1.260331602416129,-0.5367666403367652,-0.521382833770466,-0.3513541021324301,0.6060228775269187,-0.11318907013380783,-1.1818683631745581,2.645035701719563
0.7497986348439013,0.8235313277823362,-0.9934691386324284,-1.2158493105661476,-0.5367666403367652,-0.521382833770466,-0.3513541021324301,0.6060228775269187,0.613833034187188,-0.007034930733181819,-1.315467395724258
-0.0090884683011381,-0.7519698137913813,-1.1229804869786466,0.022241145924990696,-0.5367666403367652,-0.521382833770466,-0.3513541021324301,0.6060228775269187,1.340855138508184,-0.007034930733181819,-0.9838264636437068
-0.0090884683011381,-1.1407311165441656,1.310287253246287,1.260331602416129,-0.5367666403367652,-0.521382833770466,-0.3513541021324301,0.6060228775269187,1.340855138508184,-1.1818683631745581,-0.18773747117482384
-0.0090884683011381,1.0994836310049172,0.6526456398065521,0.022241145924990696,-0.5367666403367652,-0.521382833770466,-0.3513541021324301,0.6060228775269187,1.340855138508184,1.1677985017081944,0.17053895872355423
0.7497986348439013,-1.3035613296131596,-0.05944528269018234,1.260331602416129,0.5055592775264883,0.394789518189737,-0.3513541021324301,-1.8199345909885127,-0.8402111744548038,1.1677985017081944,-0.657890400755819
0.7497986348439013,1.085522767565946,-0.652322569870579,-1.2158493105661476,-0.5367666403367652,-0.521382833770466,-0.3513541021324301,0.6060228775269187,-0.8402111744548038,-0.007034930733181819,0.6875001033037362
-0.7679755714461775,1.323020300595579,1.2387016222039224,-1.2158493105661476,-0.5367666403367652,-0.521382833770466,-0.3513541021324301,0.6060228775269187,1.340855138508184,1.1677985017081944,-0.24867949233030856
0.7497986348439013,0.04122781560856853,1.6288570682019115,1.260331602416129,-0.5367666403367652,-0.521382833770466,-0.3513541021324301,0.6060228775269187,0.613833034187188,1.1677985017081944,-1.1702729553201892
0.7497986348439013,1.3600255893641608,0.6269056832749664,1.260331602416129,0.5055592775264883,0.07844590341591577,-0.3513541021324301,-1.5262466296837758,-0.8402111744548038,-1.1818683631745581,0.36436232690813847
-1.5268626745912168,-0.45305778411055525,0.3901309611120494,1.260331602416129,-0.5367666403367652,-0.521382833770466,-0.3513541021324301,0.6060228775269187,1.340855138508184,-1.1818683631745581,-0.8447429636727608
0.7497986348439013,-1.1947606346532422,-0.07014964377283041,0.022241145924990696,-0.5367666403367652,-0.521382833770466,-0.3513541021324301,0.6060228775269187,1.340855138508184,-0.007034930733181819,0.7630166488707467
0.7497986348439013,-1.2810654569786135,0.6292919286569536,0.022241145924990696,-0.5367666403367652,-0.521382833770466,-0.3513541021324301,0.6060228775269187,1.340855138508184,1.1677985017081944,0.031088522246603426
1.5086857379889407,-1.42765692488792,1.0514964324647906,0.022241145924990696,-0.5367666403367652,-0.521382833770466,-0.3513541021324301,0.6060228775269187,-1.5672332787757997,1.1677985017081944,1.5912704949073697
0.7497986348439013,-0.3759159247494172,0.35635494689087155,-1.2158493105661476,-0.5367666403367652,-0.521382833770466,-0.3513541021324301,0.6060228775269187,-1.5672332787757997,1.1677985017081944,1.785024431539943
1.5086857379889407,1.2677209056316732,-0.8805265354149453,-1.2158493105661476,-0.5367666403367652,-0.521382833770466,-0.3513541021324301,0.6060228775269187,1.340855138508184,1.1677985017081944,-0.39368988039619757
-1.5268626745912168,-1.1153400633194979,0.15710432270358038,0.022241145924990696,-0.5367666403367652,-0.521382833770466,-0.3513541021324301,0.6060228775269187,-0.8402111744548038,-1.1818683631745581,0.36436232690813847
-0.7679755714461775,1.244640403880658,0.414566183040286,1.260331602416129,-0.5367666403367652,-0.521382833770466,-0.3513541021324301,0.6060228775269187,0.613833034187188,-1.1818683631745581,-1.1363631044267621
-1.5268626745912168,-1.434741655353743,0.4460078643968515,-1.2158493105661476,2.5902111132529955,0.09240572351191415,0.9821944218702024,-1.634863721297377,-0.8402111744548038,-1.1818683631745581,-0.6284033716142735
1.5086857379889407,1.4204372801077285,0.7681786776410291,1.260331602416129,-0.5367666403367652,-0.521382833770466,-0.3513541021324301,0.6060228775269187,-0.8402111744548038,-0.007034930733181819,0.2959993918253367
0.7497986348439013,1.2110202695139232,-0.5812145339880614,1.260331602416129,-0.5367666403367652,-0.521382833770466,-0.3513541021324301,0.6060228775269187,1.340855138508184,1.1677985017081944,-1.0315343207826309
1.5086857379889407,0.9506397622007516,1.0118594950320172,1.260331602416129,-0.5367666403367652,-0.521382833770466,-0.3513541021324301,0.6060228775269187,-0.8402111744548038,1.1677985017081944,0.10918845857111988
-0.7679755714461775,0.3681128237482832,1.2391480698533446,1.260331602416129,-0.5367666403367652,-0.521382833770466,-0.3513541021324301,0.6060228775269187,1.340855138508184,-0.007034930733181819,-0.9838264636437068
-0.7679755714461775,-0.009166787244430792,-0.9574487732434209,1.260331602416129,-0.5367666403367652,-0.521382833770466,-0.3513541021324301,0.6060228775269187,1.340855138508184,-1.1818683631745581,-0.5712691863498487
0.7497986348439013,-0.1315987817681534,-1.391593156047422,1.260331602416129,0.5055592775264883,0.9123733841043329,3.649291469875468,-1.7909348820625512,1.340855138508184,1.1677985017081944,0.17053895872355423
1.5086857379889407,-1.3601379221449856,-0.48092820250651214,1.260331602416129,-0.5367666403367652,-0.521382833770466,-0.3513541021324301,0.6060228775269187,1.340855138508184,-0.007034930733181819,-1.222476548010158
1.5086857379889407,-0.7429101776516303,-1.5972480544614966,-1.2158493105661476,-0.5367666403367652,-0.521382833770466,-0.3513541021324301,0.6060228775269187,1.340855138508184,1.1677985017081944,0.44884571283974517
0.7497986348439013,1.0653063514949868,-1.643190632338041,-1.2158493105661476,2.5902111132529955,0.4555765983061551,-0.3513541021324301,-1.5454918910619138,0.613833034187188,-1.1818683631745581,-0.895341788888392
-0.7679755714461775,0.46902611916531095,-0.7771323745599017,-1.2158493105661476,-0.5367666403367652,-0.521382833770466,-0.3513541021324301,0.6060228775269187,-0.8402111744548038,-0.007034930733181819,0.2959993918253367
-0.0090884683011381,-0.6268700222665448,-1.0923451800586337,0.022241145924990696,1.5478851953897421,1.4387042313999372,-0.3513541021324301,-1.6823177904489501,-0.11318907013380783,1.1677985017081944,-0.5274542507532909
-1.5268626745912168,-0.635834956976447,-1.3503676955829853,0.022241145924990696,-0.5367666403367652,-0.521382833770466,-0.3513541021324301,0.6060228775269187,-0.8402111744548038,1.1677985017081944,-0.9764105384597344
-0.7679755714461775,1.2785718234023804,1.0537823136465199,1.260331602416129,0.5055592775264883,0.6544170493028176,3.649291469875468,-1.730299127035541,-0.11318907013380783,-1.1818683631745581,0.496915970469424
0.7497986348439013,0.33348509964160505,-1.3804977206672187,-1.2158493105661476,-0.5367666403367652,-0.521382833770466,-0.3513541021324301,0.6060228775269187,1.340855138508184,1.1677985017081944,-1.047118260666931
0.7497986348439013,1.3391771143901996,1.0051350936147576,1.260331602416129,-0.5367666403367652,-0.521382833770466,-0.3513541021324301,0.6060228775269187,1.340855138508184,-1.1818683631745581,0.5092734165548598
0.7497986348439013,1.519835135200253,-0.9049461835879695,-1.2158493105661476,-0.5367666403367652,-0.521382833770466,-0.3513541021324301,0.6060228775269187,-1.5672332787757997,-0.007034930733181819,-0.5541508414316497
-0.0090884683011381,-1.3886706221636487,1.6075141018919565,1.260331602416129,-0.5367666403367652,-0.521382833770466,-0.3513541021324301,0.6060228775269187,-0.8402111744548038,1.1677985017081944,-0.01604070437338839
-0.7679755714461775,0.5916037504133943,0.0872404568208078,-1.2158493105661476,0.5055592775264883,-0.04812771497225576,3.649291469875468,-1.6024367740438017,1.340855138508184,-1.1818683631745581,-0.09243888725421855
-1.5268626745912168,0.7609618782700516,1.0007969375794845,1.260331602416129,-0.5367666403367652,-0.521382833770466,-0.3513541021324301,0.6060228775269187,-0.11318907013380783,-1.1818683631745581,2.0689316162060503
-0.7679755714461775,-0.9238572579053659,-1.461962303765974,-1.2158493105661476,-0.5367666403367652,-0.521382833770466,-0.3513541021324301,0.6060228775269187,-0.8402111744548038,1.1677985017081944,0.6568422301682929
-1.5268626745912168,-1.3710672591834792,1.0968558597294935,-1.2158493105661476,1.5478851953897421,2.8689296366079535,-0.3513541021324301,-1.5512918328471061,-0.11318907013380783,1.1677985017081944,-0.5274542507532909
0.7497986348439013,0.1272837073315999,0.34241989681027585,1.260331602416129,-0.5367666403367652,-0.521382833770466,-0.3513541021324301,0.6060228775269187,-0.11318907013380783,-1.1818683631745581,2.645035701719563
-0.7679755714461775,-0.6292285109028849,1.3000587569062396,0.022241145924990696,-0.5367666403367652,-0.521382833770466,-0.3513541021324301,0.6060228775269187,-0.8402111744548038,-0.007034930733181819,-1.2856509442552349
-0.0090884683011381,-0.0752826445256142,-0.12407463640434643,0.022241145924990696,-0.5367666403367652,-0.521382833770466,-0.3513541021324301,0.6060228775269187,-1.5672332787757997,1.1677985017081944,1.785024431539943
-0.7679755714461775,-1.5158556835600565,-0.7736594271475392,-1.2158493105661476,-0.5367666403367652,-0.521382833770466,-0.3513541021324301,0.6060228775269187,0.613833034187188,-1.1818683631745581,-0.0776545898628794
1.5086857379889407,-0.3078042275859403,-0.8857956559284698,0.022241145924990696,-0.5367666403367652,-0.521382833770466,-0.3513541021324301,0.6060228775269187,-0.11318907013380783,-1.1818683631745581,2.645035701719563
0.7497986348439013,0.9444373193325113,1.3019760592146088,1.260331602416129,0.5055592775264883,1.5189907156435531,-0.3513541021324301,-1.5159649147009349,1.340855138508184,1.1677985017081944,-0.9456964947578885
1.5086857379889407,-0.8063169230162283,-0.8984190497367331,0.022241145924990696,-0.5367666403367652,-0.521382833770466,-0.3513541021324301,0.6060228775269187,1.340855138508184,-0.007034930733181819,-1.222476548010158
-0.0090884683011381,1.1090154630230702,-0.27415718496888347,0.022241145924990696,-0.5367666403367652,-0.521382833770466,-0.3513541021324301,0.6060228775269187,1.340855138508184,-1.1818683631745581,1.1531580365812069
-1.5268626745912168,-0.4059532322822115,-1.6851480592974597,0.022241145924990696,-0.5367666403367652,-0.521382833770466,-0.3513541021324301,0.6060228775269187,-0.8402111744548038,-0.007034930733181819,-1.2856509442552349
0.7497986348439013,1.520967163884163,0.82041651345787,-1.2158493105661476,-0.5367666403367652,-0.521382833770466,-0.3513541021324301,0.6060228775269187,0.613833034187188,1.1677985017081944,-0.8102016807377203
-0.7679755714461775,-1.5611138013104757,0.42573083511032234,-1.2158493105661476,-0.5367666403367652,-0.521382833770466,-0.3513541021324301,0.6060228775269187,1.340855138508184,1.1677985017081944,-0.39368988039619757
-0.7679755714461775,0.5482397930459648,-1.1729964670518531,1.260331602416129,1.5478851953897421,1.167225609445345,1.648968683871519,-1.7342536327981721,1.340855138508184,1.1677985017081944,-0.019340608114140095
1.5086857379889407,-0.7400960191030767,1.2092083906661517,1.260331602416129,-0.5367666403367652,-0.521382833770466,-0.3513541021324301,0.6060228775269187,0.613833034187188,-0.007034930733181819,0.1377839656499145
-0.7679755714461775,1.3739215481911078,1.4971377074500256,-1.2158493105661476,-0.5367666403367652,-0.521382833770466,-0.3513541021324301,0.6060228775269187,-0.8402111744548038,-1.1818683631745581,-1.163310110428777
0.7497986348439013,-0.23699616221345737,1.2736750851592085,1.260331602416129,-0.5367666403367652,-0.521382833770466,-0.3513541021324301,0.6060228775269187,0.613833034187188,-0.007034930733181819,-0.7632250566245836
-0.0090884683011381,1.2176108551406688,0.4079421458232838,0.022241145924990696,-0.5367666403367652,-0.521382833770466,-0.3513541021324301,0.6060228775269187,-1.5672332787757997,1.1677985017081944,0.7487522367817347
-0.0090884683011381,0.047522179221756417,-0.9056314288173146,-1.2158493105661476,-0.5367666403367652,-0.521382833770466,-0.3513541021324301,0.6060228775269187,1.340855138508184,-0.007034930733181819,0.20578538814391203
-0.0090884683011381,-1.4327401420835355,-0.645393979218312,1.260331602416129,2.5902111132529955,0.3897148310082132,0.9821944218702024,-1.916160897879203,-1.5672332787757997,-0.007034930733181819,-0.07805015013905758
1.5086857379889407,-0.5613705281740655,-1.3388223517188684,1.260331602416129,-0.5367666403367652,-0.521382833770466,-0.3513541021324301,0.6060228775269187,1.340855138508184,1.1677985017081944,-0.24867949233030856
0.7497986348439013,0.3879722776317108,-1.5688467162058382,0.022241145924990696,2.5902111132529955,0.8591349199921663,-0.3513541021324301,-1.6638634302233384,-0.8402111744548038,-1.1818683631745581,-1.115135986338899
-1.5268626745912168,0.3055443099167001,-0.025520452585864065,1.260331602416129,-0.5367666403367652,-0.521382833770466,-0.3513541021324301,0.6060228775269187,-1.5672332787757997,-0.007034930733181819,-1.186322021900609
-0.0090884683011381,-0.7158845824920691,-0.6126994757757723,-1.2158493105661476,-0.5367666403367652,-0.521382833770466,-0.3513541021324301,0.6060228775269187,-0.8402111744548038,-0.007034930733181819,0.20120515667834704
1.5086857379889407,1.260667691791161,-1.413687123442063,-1.2158493105661476,1.5478851953897421,0.7240275704783237,1.648968683871519,-1.697608546064457,-0.8402111744548038,-1.1818683631745581,0.3788799329426983
0.7497986348439013,-1.210293725010263,0.027290151339343528,0.022241145924990696,-0.5367666403367652,-0.521382833770466,-0.3513541021324301,0.6060228775269187,-1.5672332787757997,-1.1818683631745581,-0.24994236454842672
-1.5268626745912168,1.361882816716654,-1.2576778958105899,1.260331602416129,-0.5367666403367652,-0.521382833770466,-0.3513541021324301,0.6060228775269187,-0.11318907013380783,-0.007034930733181819,0.9048212649316695
-0.7679755714461775,-0.2928810824387292,1.3366068995552223,1.260331602416129,-0.5367666403367652,-0.521382833770466,-0.3513541021324301,0.6060228775269187,-0.8402111744548038,1.1677985017081944,-0.657890400755819
-0.0090884683011381,-0.5679460836058846,-0.5433737696564503,1.260331602416129,-0.5367666403367652,-0.521382833770466,-0.3513541021324301,0.6060228775269187,0.613833034187188,-1.1818683631745581,-1.1363631044267621
-1.5268626745912168,-0.7374188389377472,0.27194000238799143,1.260331602416129,-0.5367666403367652,-0.521382833770466,-0.3513541021324301,0.6060228775269187,0.613833034187188,-1.1818683631745581,-0.5302629693442342
-1.5268626745912168,-1.3681086433953922,-0.05338709191256339,1.260331602416129,2.5902111132529955,2.1982965156074044,0.9821944218702024,-1.6672906685509519,0.613833034187188,-0.007034930733181819,-1.247891540807504
0.7497986348439013,0.9760211686891753,0.1517054208966191,-1.2158493105661476,-0.5367666403367652,-0.521382833770466,-0.3513541021324301,0.6060228775269187,1.340855138508184,-0.007034930733181819,0.20578538814391203
1.5086857379889407,1.5355097439686887,-0.3294163292969272,0.022241145924990696,-0.5367666403367652,-0.521382833770466,-0.3513541021324301,0.6060228775269187,-0.11318907013380783,-1.1818683631745581,2.0689316162060503
1.5086857379889407,-0.33756413873731433,0.8277500217456588,-1.2158493105661476,-0.5367666403367652,-0.521382833770466,-0.3513541021324301,0.6060228775269187,-0.8402111744548038,1.1677985017081944,0.6568422301682929
-0.7679755714461775,-0.2452588158426574,-1.4569804325152558,0.022241145924990696,-0.5367666403367652,-0.521382833770466,-0.3513541021324301,0.6060228775269187,1.340855138508184,-0.007034930733181819,-0.5524021837475116
-0.7679755714461775,-1.334964025914619,0.517145317372548,-1.2158493105661476,-0.5367666403367652,-0.521382833770466,-0.3513541021324301,0.6060228775269187,-0.11318907013380783,-1.1818683631745581,1.9975132712761416
-0.7679755714461775,1.4408600796663225,1.333220473005151,1.260331602416129,2.5902111132529955,1.385710015492505,0.9821944218702024,-1.606127646088924,-0.11318907013380783,-1.1818683631745581,-0.1584486074654969
0.7497986348439013,1.4670516670346259,0.04337957089098601,-1.2158493105661476,-0.5367666403367652,-0.521382833770466,-0.3513541021324301,0.6060228775269187,0.613833034187188,1.1677985017081944,-1.1702729553201892
-0.0090884683011381,-0.5295715908635243,-1.3266955876601558,0.022241145924990696,-0.5367666403367652,-0.521382833770466,-0.3513541021324301,0.6060228775269187,0.613833034187188,-0.007034930733181819,-0.7632250566245836
-0.0090884683011381,1.4060570472141722,1.2823115976331005,0.022241145924990696,-0.5367666403367652,-0.521382833770466,-0.3513541021324301,0.6060228775269187,0.613833034187188,-1.1818683631745581,-0.0776545898628794
-0.0090884683011381,1.2015957969722892,0.9098271725494349,-1.2158493105661476,-0.5367666403367652,-0.521382833770466,-0.3513541021324301,0.6060228775269187,-0.8402111744548038,-1.1818683631745581,-0.5440782640314535
0.7497986348439013,0.32311808693666755,1.6190352199146316,0.022241145924990696,-0.5367666403367652,-0.521382833770466,-0.3513541021324301,0.6060228775269187,-1.5672332787757997,-1.1818683631745581,-0.24994236454842672
-0.0090884683011381,-1.5309379800873915,0.27214073078850665,0.022241145924990696,0.5055592775264883,2.1667604093770056,-0.3513541021324301,-1.5125376763733211,1.340855138508184,-1.1818683631745581,-0.5712691863498487
-0.0090884683011381,0.38251602035482435,1.218864118897832,0.022241145924990696,2.5902111132529955,1.9896683860776099,2.3157429458728354,-1.6577998547206372,1.340855138508184,-1.1818683631745581,0.5092734165548598
-1.5268626745912168,0.1107286164339768,0.6895537092426658,-1.2158493105661476,-0.5367666403367652,-0.521382833770466,-0.3513541021324301,0.6060228775269187,-0.11318907013380783,-1.1818683631745581,2.7712719668307217
-0.7679755714461775,-0.44992479565769733,-1.4045920503980285,0.022241145924990696,-0.5367666403367652,-0.521382833770466,-0.3513541021324301,0.6060228775269187,1.340855138508184,1.1677985017081944,-1.0315343207826309
-0.7679755714461775,0.5879036801518657,0.6486847147308682,0.022241145924990696,-0.5367666403367652,-0.521382833770466,-0.3513541021324301,0.6060228775269187,-0.11318907013380783,-0.007034930733181819,-0.8871780538258007
-0.7679755714461775,-1.6233471635398882,1.5509588750467924,1.260331602416129,-0.5367666403367652,-0.521382833770466,-0.3513541021324301,0.6060228775269187,0.613833034187188,1.1677985017081944,-0.5693912387014772
-0.7679755714461775,0.3695844649909469,0.6259574146242567,-1.2158493105661476,2.5902111132529955,1.6160471918590515,0.9821944218702024,-1.4463656132786273,-1.5672332787757997,-0.007034930733181819,1.0972207855332583
1.5086857379889407,0.6038896992720032,0.9635375934424691,0.022241145924990696,-0.5367666403367652,-0.521382833770466,-0.3513541021324301,0.6060228775269187,0.613833034187188,1.1677985017081944,-0.624027083922486
0.7497986348439013,0.9322711112464614,-1.0921704079168058,1.260331602416129,2.5902111132529955,2.655926264518493,-0.3513541021324301,-1.6338091864273419,1.340855138508184,-1.1818683631745581,0.5092734165548598
-1.5268626745912168,0.9785801697462154,1.1826585988635219,1.260331602416129,0.5055592775264883,0.6724664559371777,-0.3513541021324301,-1.4632381711991866,-0.11318907013380783,1.1677985017081944,-1.053287099260424
0.7497986348439013,0.4349159846296476,1.1438297662845471,0.022241145924990696,-0.5367666403367652,-0.521382833770466,-0.3513541021324301,0.6060228775269187,-1.5672332787757997,1.1677985017081944,0.6988711488076372
0.7497986348439013,-1.2831272821182484,0.46892204956601163,0.022241145924990696,-0.5367666403367652,-0.521382833770466,-0.3513541021324301,0.6060228775269187,-0.8402111744548038,1.1677985017081944,0.013264107661398359
-0.7679755714461775,-0.18300362984928317,0.11936565298947273,-1.2158493105661476,-0.5367666403367652,-0.521382833770466,-0.3513541021324301,0.6060228775269187,-0.11318907013380783,1.1677985017081944,0.33384799435344104
-0.0090884683011381,1.3818356212232838,-0.6311284194437647,-1.2158493105661476,0.5055592775264883,3.2356943334458004,-0.3513541021324301,-1.3799299164664247,-0.11318907013380783,-0.007034930733181819,2.3373812300124213
-0.7679755714461775,-1.6126853521103468,1.4107206701937307,-1.2158493105661476,-0.5367666403367652,-0.521382833770466,-0.3513541021324301,0.6060228775269187,0.613833034187188,-1.1818683631745581,0.2428772199968291
1.5086857379889407,-0.9406543079251745,1.5284980591960375,0.022241145924990696,-0.5367666403367652,-0.521382833770466,-0.3513541021324301,0.6060228775269187,0.613833034187188,1.1677985017081944,-0.5693912387014772
0.7497986348439013,-1.0304289505772564,-1.4876693823698892,-1.2158493105661476,-0.5367666403367652,-0.521382833770466,-0.3513541021324301,0.6060228775269187,-0.8402111744548038,-1.1818683631745581,0.4061640096111263
-1.5268626745912168,0.8466278019982802,0.16251360701401618,1.260331602416129,0.5055592775264883,0.2871640587511067,3.649291469875468,-1.8170346200959167,-0.8402111744548038,-0.007034930733181819,-1.1663789188695968
0.7497986348439013,0.22401811436148064,1.3190725816033197,0.022241145924990696,0.5055592775264883,-0.3536818716170948,-0.3513541021324301,-1.5671098558976304,0.613833034187188,-1.1818683631745581,-0.0776545898628794
-1.5268626745912168,1.4790239651792905,-0.3952812009246076,-1.2158493105661476,1.5478851953897421,0.6522748897516667,-0.3513541021324301,-1.4993559904978842,-1.5672332787757997,1.1677985017081944,0.7487522367817347
-0.7679755714461775,-1.6462483901864025,-1.1790996486778635,-1.2158493105661476,2.5902111132529955,2.5861928374147123,0.9821944218702024,-1.4281748867705242,-0.11318907013380783,-1.1818683631745581,1.9975132712761416
-0.0090884683011381,1.0365859420669097,0.6267187982124178,0.022241145924990696,-0.5367666403367652,-0.521382833770466,-0.3513541021324301,0.6060228775269187,-1.5672332787757997,-1.1818683631745581,0.548194543499164
0.7497986348439013,0.4103733829434007,-1.437802218179823,1.260331602416129,0.5055592775264883,2.398433060219233,-0.3513541021324301,-1.7695805509443432,-0.8402111744548038,-1.1818683631745581,-0.5440782640314535
1.5086857379889407,-0.4477401130062668,-1.4399600484853614,1.260331602416129,-0.5367666403367652,-0.521382833770466,-0.3513541021324301,0.6060228775269187,0.613833034187188,1.1677985017081944,-0.8102016807377203
0.7497986348439013,0.3179778063968765,-0.3104336521102723,-1.2158493105661476,-0.5367666403367652,-0.521382833770466,-0.3513541021324301,0.6060228775269187,-0.11318907013380783,-1.1818683631745581,0.496915970469424
-0.7679755714461775,0.6176937637112051,-1.4472208792488261,0.022241145924990696,-0.5367666403367652,-0.521382833770466,-0.3513541021324301,0.6060228775269187,-0.8402111744548038,1.1677985017081944,-0.01604070437338839
-0.0090884683011381,-0.6119543493863424,0.7971787402637412,1.260331602416129,-0.5367666403367652,-0.521382833770466,-0.3513541021324301,0.6060228775269187,-1.5672332787757997,-1.1818683631745581,0.44112911223503004
-0.0090884683011381,0.6813437201651239,1.3054143982820554,-1.2158493105661476,-0.5367666403367652,-0.521382833770466,-0.3513541021324301,0.6060228775269187,-0.8402111744548038,-0.007034930733181819,-0.6966042749951877
-0.0090884683011381,0.9149104124436536,0.47146576291736814,0.022241145924990696,-0.5367666403367652,-0.521382833770466,-0.3513541021324301,0.6060228775269187,0.613833034187188,1.1677985017081944,-0.624027083922486
1.5086857379889407,-0.057096247039747736,-0.7064586734060851,1.260331602416129,-0.5367666403367652,-0.521382833770466,-0.3513541021324301,0.6060228775269187,1.340855138508184,1.1677985017081944,0.44884571283974517
-0.0090884683011381,0.6368628763268228,-0.9211636540158029,-1.2158493105661476,2.5902111132529955,2.3619902725078283,0.9821944218702024,-1.7853985739948677,-0.8402111744548038,-0.007034930733181819,-0.8866439608934378
-0.0090884683011381,0.8932256366017861,0.9427016393855399,-1.2158493105661476,-0.5367666403367652,-0.521382833770466,-0.3513541021324301,0.6060228775269187,-0.8402111744548038,1.1677985017081944,0.2880614986356667
1.5086857379889407,-0.6632014496084007,1.0242821604397656,0.022241145924990696,0.5055592775264883,1.4267429031055001,3.649291469875468,-1.6145639250492039,1.340855138508184,-1.1818683631745581,-0.09243888725421855
1.5086857379889407,1.3731842845129199,0.22011400587565602,0.022241145924990696,1.5478851953897421,2.1801965653759647,-0.3513541021324301,-1.6625452616357945,-0.8402111744548038,-1.1818683631745581,-0.6284033716142735
-1.5268626745912168,0.4205153710289859,-1.1333491471156052,-1.2158493105661476,-0.5367666403367652,-0.521382833770466,-0.3513541021324301,0.6060228775269187,-0.11318907013380783,-0.007034930733181819,0.9048212649316695
-1.5268626745912168,0.37745802700233855,-0.20852072841765135,-1.2158493105661476,-0.5367666403367652,-0.521382833770466,-0.3513541021324301,0.6060228775269187,-0.8402111744548038,-0.007034930733181819,0.20120515667834704
0.7497986348439013,-0.16542138557789937,-0.5293954591447093,1.260331602416129,2.5902111132529955,2.2890203467565797,2.3157429458728354,-1.5723825302478054,-0.8402111744548038,1.1677985017081944,0.28743845152596603
1.5086857379889407,-0.6476118296405625,-0.00563968884862805,-1.2158493105661476,-0.5367666403367652,-0.521382833770466,-0.3513541021324301,0.6060228775269187,1.340855138508184,1.1677985017081944,-0.39368988039619757
-0.0090884683011381,0.2954212660706651,-1.6906836640668408,0.022241145924990696,0.5055592775264883,1.7427288759615174,-0.3513541021324301,-1.7181719760301388,1.340855138508184,-1.1818683631745581,-0.18773747117482384
-0.7679755714461775,0.7617894614931143,0.824348021440375,0.022241145924990696,-0.5367666403367652,-0.521382833770466,-0.3513541021324301,0.6060228775269187,-0.8402111744548038,1.1677985017081944,0.29006406416626523
-1.5268626745912168,-0.409284512561429,0.4489391912112722,0.022241145924990696,-0.5367666403367652,-0.521382833770466,-0.3513541021324301,0.6060228775269187,-0.11318907013380783,1.1677985017081944,0.33384799435344104
0.7497986348439013,-0.03125370810881927,1.0670096230735744,0.022241145924990696,-0.5367666403367652,-0.521382833770466,-0.3513541021324301,0.6060228775269187,-1.5672332787757997,1.1677985017081944,-0.5990641762208186
-0.0090884683011381,0.00441753060528964,-0.6319607501390047,1.260331602416129,-0.5367666403367652,-0.521382833770466,-0.3513541021324301,0.6060228775269187,1.340855138508184,-0.007034930733181819,-0.5524021837475116
-0.0090884683011381,0.34857118501684997,-1.4337270855659145,-1.2158493105661476,-0.5367666403367652,-0.521382833770466,-0.3513541021324301,0.6060228775269187,-0.11318907013380783,-0.007034930733181819,2.518409834240801
-0.7679755714461775,-1.6161179362987277,-1.3300508666998023,1.260331602416129,-0.5367666403367652,-0.521382833770466,-0.3513541021324301,0.6060228775269187,-0.11318907013380783,-0.007034930733181819,2.4575985667305256
0.7497986348439013,-0.011590490189928662,-0.029443308482140017,-1.2158493105661476,1.5478851953897421,2.7046947258753797,-0.3513541021324301,-1.4901288103850783,0.613833034187188,1.1677985017081944,-0.624027083922486
-0.0090884683011381,1.448704068896114,1.1566037063931969,1.260331602416129,-0.5367666403367652,-0.521382833770466,-0.3513541021324301,0.6060228775269187,-0.8402111744548038,-0.007034930733181819,0.6875001033037362
-0.7679755714461775,-1.1033642069524479,-0.257764942399222,0.022241145924990696,-0.5367666403367652,-0.521382833770466,-0.3513541021324301,0.6060228775269187,-1.5672332787757997,1.1677985017081944,1.785024431539943
-0.7679755714461775,-0.44708215156216097,1.013344193028932,0.022241145924990696,-0.5367666403367652,-0.521382833770466,-0.3513541021324301,0.6060228775269187,-0.8402111744548038,1.1677985017081944,-1.0752686664968296
1.5086857379889407,1.444917764456153,-0.8721253596864849,0.022241145924990696,0.5055592775264883,2.8207033136047284,3.649291469875468,-1.8273163350787576,1.340855138508184,1.1677985017081944,0.44884571283974517
-0.0090884683011381,-1.4243198130775714,0.14716134520909344,0.022241145924990696,-0.5367666403367652,-0.521382833770466,-0.3513541021324301,0.6060228775269187,0.613833034187188,1.1677985017081944,-1.1702729553201892
0.7497986348439013,1.2912841066064273,-0.4726862251646673,-1.2158493105661476,-0.5367666403367652,-0.521382833770466,-0.3513541021324301,0.6060228775269187,0.613833034187188,-1.1818683631745581,0.2428772199968291
-1.5268626745912168,-1.580739618358519,1.526559991880718,-1.2158493105661476,2.5902111132529955,1.9103771951704653,2.3157429458728354,-1.4959287521702704,-0.8402111744548038,-0.007034930733181819,-0.22819202970627467
1.5086857379889407,-1.6401442728634033,0.001704201942635862,-1.2158493105661476,0.5055592775264883,-0.26831994732256287,-0.3513541021324301,-1.7218628480752611,-0.11318907013380783,1.1677985017081944,-1.053287099260424
-0.0090884683011381,0.20453523901380702,-1.6004372134455445,0.022241145924990696,-0.5367666403367652,-0.521382833770466,-0.3513541021324301,0.6060228775269187,1.340855138508184,1.1677985017081944,-1.0315343207826309
-0.7679755714461775,-1.4808014010717159,-1.3207879431829233,0.022241145924990696,-0.5367666403367652,-0.521382833770466,-0.3513541021324301,0.6060228775269187,-0.11318907013380783,1.1677985017081944,1.7643485090937576
-0.7679755714461775,0.6817817175728248,1.571114775126114,0.022241145924990696,-0.5367666403367652,-0.521382833770466,-0.3513541021324301,0.6060228775269187,-0.11318907013380783,-0.007034930733181819,1.4828717903653543
